id,file,location,printed_value,precision,tier,key,printed_as_digit,why
s2_containment,paper/main.tex,§2.3 Theorem 2: containment checked in the released code,0.0,1,0,s2.sharpness.containment.worst_violation,False,stated in words ('the released code constructs an admissible system that matches both EERs within numerical precision'); checked as zero violations over random admissible systems
s2_attainment,paper/main.tex,§2.3 Theorem 2: every sampled value attained,1.0,1,0,s2.sharpness.attainment.worst_e12,False,"stated in words, not as a bound digit; checked as worst crossing residual x 1e12 <= 1"
s2_witness_pooled,paper/main.tex,§2.3: the released code's admissible system matches the ESDD2 baseline's published pooled EER,0.4336,4,0,s2.sharpness.witness.pooled,False,the paper says the released code constructs a matching admissible system; this is the published value it reproduces
s2_witness_comp,paper/main.tex,§2.3: the same witness at the lower endpoint of the identified interval,0.0000,4,0,s2.sharpness.witness.component_only,False,"the lower endpoint that witness sits at, given w_0=0.5323 and the published 0.4336"
fig2_area_roc,paper/main.tex,"Fig. 2 legend, area under ROC_a (= AUC_a)",0.8740,4,0,"acds.rows.reference.(0,1)",True,
fig2_area_r0,paper/main.tex,"Fig. 2 legend, area under alpha_0 R_0 (= alpha_0(1-AUC_0))",0.7130,4,0,acds.aucs.reference.alarm_area,True,
fig2_area_ac,paper/main.tex,"Fig. 2 legend, area under AC (= ACDS(1,1))",0.1611,4,0,"acds.rows.reference.(1,1)",True,
s41_step_gap,paper/main.tex,"§4.1 trapezoidal vs step rule, at most 4e-4",4,0,0,acds.worst_step_gap_e4,True,printed as the bound 4 x 10^-4; checked as the worst gap x 1e4 <= 4
s41_eval,paper/main.tex,§4.1 evaluation clips,27605,0,0,counts.eval_clips,True,
s41_sr,paper/main.tex,§4.1 kHz,16,0,0,cfg.sample_rate_khz,True,
s41_seeds,paper/main.tex,§4.1 three random seeds,3,0,0,settings.n_seeds,False,spelled as a word in the paper
t1_max_sd,paper/main.tex,"Table 1 caption, seed s.d. bound",0.0015,4,0,t1.max_seed_sd_excl_attentive_ceil,False,internal check backing 'mean over three random seeds'; not itself a printed digit
t1_head_c_mid,paper/main.tex,§4.2 the constant c=0.5,0.5,1,0,settings.c_mid,True,
t1_beats_c0,paper/main.tex,"Abstract / §4.2, BEATs Linear at c=0",0.5382,4,0,t1.rows.beats_linear.mean.0,True,
t1_beats_c05,paper/main.tex,"Abstract / §4.2, BEATs Linear at c=0.5",0.1412,4,0,t1.rows.beats_linear.mean.0.5,True,
t1_beats_spread,paper/main.tex,"§4.2 / Table 1 caption, BEATs Linear spread",0.3970,4,0,t1.rows.beats_linear.spread,True,
t1_eat_c0,paper/main.tex,"§4.2, EAT Linear at c=0",0.5400,4,0,t1.rows.eat_linear.mean.0,True,
t1_ref_comp,paper/main.tex,"§4.3, ESDD2 baseline component-only environmental EER",0.2090,4,0,t1.rows.reference.component_only,True,
t1a_beats_01,paper/main.tex,"Table 1, BEATs Linear (0,1)",0.9240,4,0,"acds.rows.beats_linear.(0,1)",True,
t1a_beats_11,paper/main.tex,"Table 1, BEATs Linear (1,1)",0.9169,4,0,"acds.rows.beats_linear.(1,1)",True,
t1a_beats_02,paper/main.tex,"Table 1, BEATs Linear (0,0.2)",0.7032,4,0,"acds.rows.beats_linear.(0,0.2)",True,
t1a_beats_w,paper/main.tex,"Table 1, BEATs Linear (w0/wa,1)",0.9159,4,0,"acds.rows.beats_linear.(w0/wa,1)",True,
t1a_eat_01,paper/main.tex,"Table 1, EAT Linear (0,1)",0.8859,4,0,"acds.rows.eat_linear.(0,1)",True,
t1a_eat_11,paper/main.tex,"Table 1, EAT Linear (1,1)",0.8487,4,0,"acds.rows.eat_linear.(1,1)",True,
t1a_eat_02,paper/main.tex,"Table 1, EAT Linear (0,0.2)",0.5522,4,0,"acds.rows.eat_linear.(0,0.2)",True,
t1a_eat_w,paper/main.tex,"Table 1, EAT Linear (w0/wa,1)",0.8435,4,0,"acds.rows.eat_linear.(w0/wa,1)",True,
t1a_attn_01,paper/main.tex,"Table 1, BEATs Attentive (0,1)",0.9248,4,0,"acds.rows.beats_attentive.(0,1)",True,
t1a_attn_11,paper/main.tex,"Table 1, BEATs Attentive (1,1)",0.5760,4,0,"acds.rows.beats_attentive.(1,1)",True,
t1a_attn_02,paper/main.tex,"Table 1, BEATs Attentive (0,0.2)",0.7081,4,0,"acds.rows.beats_attentive.(0,0.2)",True,
t1a_attn_w,paper/main.tex,"Table 1, BEATs Attentive (w0/wa,1)",0.5278,4,0,"acds.rows.beats_attentive.(w0/wa,1)",True,
t1a_twoenc_01,paper/main.tex,"Table 1, BEATs + XLS-R (0,1)",0.9268,4,0,"acds.rows.two_encoder.(0,1)",True,
t1a_twoenc_11,paper/main.tex,"Table 1, BEATs + XLS-R (1,1)",0.5544,4,0,"acds.rows.two_encoder.(1,1)",True,
t1a_twoenc_02,paper/main.tex,"Table 1, BEATs + XLS-R (0,0.2)",0.7465,4,0,"acds.rows.two_encoder.(0,0.2)",True,
t1a_twoenc_w,paper/main.tex,"Table 1, BEATs + XLS-R (w0/wa,1)",0.5030,4,0,"acds.rows.two_encoder.(w0/wa,1)",True,
t1a_ref_01,paper/main.tex,"Table 1, ESDD2 baseline (0,1)",0.8740,4,0,"acds.rows.reference.(0,1)",True,
t1a_ref_11,paper/main.tex,"Table 1, ESDD2 baseline (1,1)",0.1611,4,0,"acds.rows.reference.(1,1)",True,
t1a_ref_02,paper/main.tex,"Table 1, ESDD2 baseline (0,0.2)",0.6526,4,0,"acds.rows.reference.(0,0.2)",True,
t1a_ref_w,paper/main.tex,"Table 1, ESDD2 baseline (w0/wa,1)",0.0626,4,0,"acds.rows.reference.(w0/wa,1)",True,
t1a_tmax,paper/main.tex,"Table 1, t_max = 0.2 row",0.2,1,0,acds.tmax_short,True,
t1a_identity,paper/main.tex,§4.4 both invariance properties hold within 1e-15,1.0,1,0,acds.identity_residual_e15,False,printed as the bound 10^-15; checked as the worst identity residual x 1e15 <= 1
s42_spread_max,paper/main.tex,§4.2 varies by up to,0.3970,4,0,t1.spread_max,True,
s42_beats_c0,paper/main.tex,§4.2 BEATs Linear at c=0,0.5382,4,0,t1.rows.beats_linear.mean.0,True,
s42_eat_c0,paper/main.tex,§4.2 EAT Linear at c=0,0.5400,4,0,t1.rows.eat_linear.mean.0,True,
s42_c_mid,paper/main.tex,§4.2 probability-valued c=0.5,0.5,1,0,settings.c_mid,True,
s42_twoenc_bound,paper/main.tex,§4.2 BEATs + XLS-R boundary distance,0.026,3,0,t1.twoenc_boundary_distance,True,
s42_mindcf_pooled,paper/main.tex,§4.2 pooled minDCF at ASVspoof 5 costs,0.9994,4,0,cost.pooled_minDCF,True,
s42_mindcf_comp,paper/main.tex,§4.2 component-only (P_a) minDCF at ASVspoof 5 costs,0.5865,4,0,cost.component_minDCF,True,
s42_mindcf_resid,paper/main.tex,§4.2 minDCF residual against the weighted mean,0.19,2,0,cost.residual_minDCF,True,
s42_auc_resid,paper/main.tex,§4.2 every area residual below 1e-15,1.0,1,0,cost.residual_auc_abs_e15,False,printed as the bound 10^-15
s43_env_comp,paper/main.tex,§4.3 environmental component-only EER,0.2090,4,0,abl.env.component_only,True,
s43_speech_comp,paper/main.tex,§4.3 speech component-only EER,0.1906,4,0,abl.speech.component_only,True,
s43_env_dist,paper/main.tex,§4.3 environmental EER increase from structural zeros,0.2246,4,0,abl.env.distortion,True,
s43_speech_dist,paper/main.tex,§4.3 speech EER increase from structural zeros,0.0087,4,0,abl.speech.distortion,True,
s43_total,paper/main.tex,§4.3 reported gap,0.2343,4,0,abl.decomposition.total,True,
s43_pooling_net,paper/main.tex,"§4.3 pooling explains, of the gap",0.2159,4,0,abl.decomposition.pooling_net,True,
s43_pooling_pct,paper/main.tex,§4.3 pooling share of the gap (92%),92,0,0,abl.decomposition.pooling_pct,True,the paper prints '(92%)'; the measured share is 92.14
s44a_cross,paper/main.tex,§4.4 ranking changes from alpha_0 = 0.125 onward,0.125,3,0,acds.last_crossing,True,
s44a_cross_again,paper/main.tex,"§4.4 / Fig. 3 caption, all five intersections occur below",0.125,3,0,acds.last_crossing,True,
s44a_w0_over_wa,paper/main.tex,§4.4 the ESDD2 protocol cost w0/wa,1.138,3,0,acds.w0_over_wa,True,
s44a_span01,paper/main.tex,"§4.4 ACDS(0,1) range",0.053,3,0,acds.span_acds01,True,
s44a_span_alarm,paper/main.tex,§4.4 1 - AUC_0 range,0.706,3,0,acds.span_alarm,True,
s44a_eat_02,paper/main.tex,§4.4 EAT Linear at t_max = 0.2,0.5522,4,0,"acds.rows.eat_linear.(0,0.2)",True,
s44a_ref_02,paper/main.tex,§4.4 ESDD2 baseline at t_max = 0.2,0.6526,4,0,"acds.rows.reference.(0,0.2)",True,
s44a_n_cross,paper/main.tex,§4.4 all five environmental crossings,5,0,0,acds.n_crossings,False,spelled as a word in the paper
s45_gate_threshold,paper/main.tex,§4.5 thresholding gamma at 1/2,0.5,1,0,settings.gate_threshold,False,typeset as the fraction 1/2
s45_lam_env,paper/main.tex,"§4.5 contamination rate, environmental",0.0026,4,0,acdsg.env.lam,True,
s45_lam_sp,paper/main.tex,"§4.5 contamination rate, speech",0.0015,4,0,acdsg.speech.lam,True,
s45_eer_gated_env,paper/main.tex,"§4.5 gated EER, environmental",0.2028,4,0,acdsg.env.eer_gated,True,
s45_eer_gated_sp,paper/main.tex,"§4.5 gated EER, speech",0.1892,4,0,acdsg.speech.eer_gated,True,
s45_eer_ann_env,paper/main.tex,"§4.5 component-only EER, environmental",0.2090,4,0,acdsg.env.eer_annotated,True,
s45_eer_ann_sp,paper/main.tex,"§4.5 component-only EER, speech",0.1906,4,0,acdsg.speech.eer_annotated,True,
s45_err_gated_env,paper/main.tex,"§4.5 gated EER absolute error, environmental",0.0062,4,0,acdsg.env.err_gated_eer,True,
s45_err_gated_sp,paper/main.tex,"§4.5 gated EER absolute error, speech",0.0013,4,0,acdsg.speech.err_gated_eer,True,
s45_pooled_env,paper/main.tex,"§4.5 pooled EER, environmental",0.4336,4,0,acdsg.env.eer_pooled,True,
s45_pooled_sp,paper/main.tex,"§4.5 pooled EER, speech",0.1993,4,0,acdsg.speech.eer_pooled,True,
s45_err_pool_env,paper/main.tex,"§4.5 pooled EER error, environmental",0.2246,4,0,acdsg.env.err_pooled_eer,True,
s45_err_pool_sp,paper/main.tex,"§4.5 pooled EER error, speech",0.0087,4,0,acdsg.speech.err_pooled_eer,True,
s45_acds_err_env,paper/main.tex,"§4.5 ACDS(0,1) error under the gate, environmental",0.0050,4,0,acdsg.env.abs_error_gated,True,
s45_acds_err_sp,paper/main.tex,"§4.5 ACDS(0,1) error under the gate, speech",0.0006,4,0,acdsg.speech.abs_error_gated,True,
s45_rho_env,paper/main.tex,"§4.5 fraction of P_a excluded, environmental",0.0734,4,0,acdsg.env.rho,True,
s45_rho_sp,paper/main.tex,"§4.5 fraction of P_a excluded, speech",0.0565,4,0,acdsg.speech.rho,True,
s45_corrected_env,paper/main.tex,"§4.5 error after correcting only for contamination, environmental",0.0066,4,0,acdsg.env.abs_error_corrected,True,
